modelo,accuracy,precision,recall,f1_score
Random Forest,0.9333333333333333,0.9333333333333333,0.9333333333333333,0.9333333333333333
SVM,0.9666666666666667,0.9375,1.0,0.967741935483871
